Model,Accuracy,Precision,Recall
Naive Bayes,0.9371980676328503,0.8615384615384616,0.9333333333333333
Active Learning,0.9304347826086956,0.8475609756097561,0.9266666666666666
